split,variant,auc,eer,acc_0.5,acc_val_threshold,val_threshold,val_acc_at_threshold
ffpp,feature_length,0.9768179215574005,0.04854709418837675,0.8769771528998243,0.9393673110720563,12.311559677124023,0.895312488079071
cdf,feature_length,0.8087271982895874,0.28164377018605286,0.9173630454967502,0.8644382544103992,12.311559677124023,0.895312488079071
dfd,feature_length,0.594890373221631,0.4520857929948839,0.8941382327209099,0.3362496354622339,12.311559677124023,0.895312488079071
