{
  "experiment_name": "norm_shortcut_raw_s999",
  "start_time": "20260505_234842",
  "config_file": "N/A",
  "model": "clip_finetune",
  "per_gpu_batch": 128,
  "epochs": 15,
  "lr": 1e-05,
  "loss": "cross_entropy",
  "end_time": "20260506_013447",
  "best_epoch": 11,
  "best_val_auc": 0.9949753906250001,
  "final_val_auc": 0.9949753906250001,
  "final_val_eer": 0.04187499999999998,
  "final_val_acc": 0.9559375,
  "ffpp_test_auc": 0.9997852848554252,
  "ffpp_test_eer": 0.006076438591468626,
  "ffpp_test_acc": 0.9947275922671354,
  "cdf_test_auc": 0.8290838375108038,
  "cdf_test_eer": 0.2699529181640358,
  "cdf_test_acc": 0.9224698235840297
}