{
  "experiment_name": "norm_shortcut_normtrain_s7",
  "start_time": "20260505_215543",
  "config_file": "N/A",
  "model": "clip_finetune",
  "per_gpu_batch": 128,
  "epochs": 15,
  "lr": 1e-05,
  "loss": "cross_entropy",
  "end_time": "20260505_234832",
  "best_epoch": 11,
  "best_val_auc": 0.998886328125,
  "final_val_auc": 0.998886328125,
  "final_val_eer": 0.019375000000000024,
  "final_val_acc": 0.9840625,
  "ffpp_test_auc": 0.9999427426281134,
  "ffpp_test_eer": 0.00657744059547667,
  "ffpp_test_acc": 0.9973637961335676,
  "cdf_test_auc": 0.7806714279215758,
  "cdf_test_eer": 0.30224207342037035,
  "cdf_test_acc": 0.9210770659238626
}