split,variant,auc,eer,acc_0.5,acc_val_threshold,val_threshold,val_acc_at_threshold
ffpp,feature_length,0.6660821643286574,0.37108502719725167,0.8769771528998243,0.4165202108963093,12.154186248779297,0.6075000166893005
cdf,feature_length,0.8186268935086203,0.2590211754537597,0.9173630454967502,0.3370473537604457,12.154186248779297,0.6075000166893005
dfd,feature_length,0.34500852682670863,0.6279765274161289,0.8941382327209099,0.12598425196850394,12.154186248779297,0.6075000166893005
