split,variant,auc,eer,acc_0.5,acc_val_threshold,val_threshold,val_acc_at_threshold
ffpp,feature_length,0.9626467220154594,0.08794732321786429,0.8769771528998243,0.883128295254833,11.414959907531738,0.8690624833106995
cdf,feature_length,0.7837135513806122,0.27987251512532413,0.9173630454967502,0.6629526462395543,11.414959907531738,0.8690624833106995
dfd,feature_length,0.3837368526036023,0.6008299504563515,0.8941382327209099,0.21872265966754156,11.414959907531738,0.8690624833106995
