{
  "experiment_name": "norm_shortcut_raw_s7",
  "start_time": "20260505_200221",
  "config_file": "N/A",
  "model": "clip_finetune",
  "per_gpu_batch": 128,
  "epochs": 15,
  "lr": 1e-05,
  "loss": "cross_entropy",
  "end_time": "20260505_215532",
  "best_epoch": 10,
  "best_val_auc": 0.9961988281249999,
  "final_val_auc": 0.9961988281249999,
  "final_val_eer": 0.03218750000000002,
  "final_val_acc": 0.9621875,
  "ffpp_test_auc": 0.9997995991983968,
  "ffpp_test_eer": 0.006076438591468626,
  "ffpp_test_acc": 0.9956063268892794,
  "cdf_test_auc": 0.7992170085975527,
  "cdf_test_eer": 0.26820725105763543,
  "cdf_test_acc": 0.9210770659238626
}