split,variant,auc,eer,acc_0.5,acc_val_threshold,val_threshold,val_acc_at_threshold
ffpp,feature_length,0.9624749498997996,0.08544231319782424,0.8769771528998243,0.9015817223198594,12.019237518310547,0.8353124856948853
cdf,feature_length,0.8084883773825229,0.26385445571578037,0.9173630454967502,0.7437325905292479,12.019237518310547,0.8353124856948853
dfd,feature_length,0.5845323902609083,0.456308324303343,0.8941382327209099,0.24963546223388744,12.019237518310547,0.8353124856948853
