split,variant,auc,eer,acc_0.5,acc_val_threshold,val_threshold,val_acc_at_threshold
ffpp,feature_length,0.9717864300028629,0.07278843401087888,0.8769771528998243,0.9077328646748682,13.013785362243652,0.8725000023841858
cdf,feature_length,0.8410390983942136,0.2557317017695492,0.9173630454967502,0.8714020427112349,13.013785362243652,0.8725000023841858
dfd,feature_length,0.5900815664202961,0.44940375108494657,0.8941382327209099,0.2572178477690289,13.013785362243652,0.8725000023841858
